type,variant,order,n,avg,median,min,max,bandwith
int,branch,sorted,1000000,0.000225077,0.000212363,0.000211854,0.000301179,1.77717e+10
int,branchless,sorted,1000000,0.00021334,0.000212003,0.000211682,0.000219457,1.87494e+10
double,branch,sorted,1000000,0.00110189,0.00108828,0.0010876,0.00117592,7.26027e+09
double,branchless,sorted,1000000,0.00108904,0.00108857,0.00108749,0.00109301,7.34592e+09
int,branch,reverse,1000000,0.0002141,0.000212296,0.000211833,0.000217834,1.86829e+10
int,branchless,reverse,1000000,0.000214972,0.000212048,0.000211691,0.000236059,1.86071e+10
double,branch,reverse,1000000,0.00108824,0.00108759,0.00108743,0.00109127,7.35132e+09
double,branchless,reverse,1000000,0.00108798,0.00108766,0.00108755,0.00109104,7.35307e+09
int,branch,random,1000000,0.000214113,0.000212194,0.000211881,0.000217995,1.86817e+10
int,branchless,random,1000000,0.000213678,0.000212261,0.000211831,0.000217861,1.87197e+10
double,branch,random,1000000,0.0010885,0.00108775,0.00108754,0.00109138,7.34958e+09
double,branchless,random,1000000,0.00109544,0.00108769,0.00108719,0.00115752,7.30301e+09
int,branch,sorted,10000000,0.0048496,0.00484283,0.00482129,0.00488974,8.24811e+09
int,branchless,sorted,10000000,0.00475532,0.00475049,0.00472003,0.00481646,8.41163e+09
double,branch,sorted,10000000,0.0124883,0.012486,0.0124658,0.0125136,6.40601e+09
double,branchless,sorted,10000000,0.0124871,0.0124859,0.0124711,0.0125034,6.4066e+09
int,branch,reverse,10000000,0.00470797,0.00469211,0.0046658,0.00477457,8.49624e+09
int,branchless,reverse,10000000,0.00471912,0.00471931,0.00467416,0.00474914,8.47616e+09
double,branch,reverse,10000000,0.0124773,0.0124741,0.012457,0.0125064,6.41167e+09
double,branchless,reverse,10000000,0.0124758,0.0124743,0.0124614,0.0125149,6.4124e+09
int,branch,random,10000000,0.00466197,0.00465852,0.00461623,0.00470335,8.58007e+09
int,branchless,random,10000000,0.00462961,0.00462402,0.00459554,0.00466852,8.64003e+09
double,branch,random,10000000,0.012504,0.0124985,0.0124946,0.0125338,6.39796e+09
double,branchless,random,10000000,0.0124953,0.012495,0.0124858,0.0125034,6.40242e+09
int,branch,sorted,100000000,0.0481901,0.0481041,0.0477524,0.0487112,8.30045e+09
int,branchless,sorted,100000000,0.048204,0.0481826,0.0477366,0.0487161,8.29807e+09
double,branch,sorted,100000000,0.128207,0.128238,0.127597,0.129061,6.23991e+09
double,branchless,sorted,100000000,0.128667,0.128758,0.128268,0.128816,6.21759e+09
int,branch,reverse,100000000,0.0481586,0.0482208,0.0477971,0.0485065,8.30589e+09
int,branchless,reverse,100000000,0.0481513,0.0481401,0.0477535,0.0485663,8.30715e+09
double,branch,reverse,100000000,0.128459,0.128358,0.127842,0.129169,6.22765e+09
double,branchless,reverse,100000000,0.127743,0.127677,0.127544,0.128462,6.2626e+09
int,branch,random,100000000,0.0481326,0.0481317,0.047792,0.0486235,8.31037e+09
int,branchless,random,100000000,0.048211,0.0481579,0.0477011,0.0487943,8.29686e+09
double,branch,random,100000000,0.127858,0.12778,0.12774,0.128559,6.25696e+09
double,branchless,random,100000000,0.127905,0.127781,0.127597,0.128358,6.25466e+09
sweep,double,2048,2.90573e-07,2.89641e-07,2.8871e-07,2.98023e-07,7.04815e+09
sweep,double,4096,5.67548e-07,5.68107e-07,5.66244e-07,5.68107e-07,7.21701e+09
sweep,double,8192,1.12336e-06,1.12224e-06,1.12131e-06,1.13435e-06,7.2924e+09
sweep,double,16384,2.23201e-06,2.23145e-06,2.22959e-06,2.23331e-06,7.34048e+09
sweep,double,32768,4.45619e-06,4.45452e-06,4.45172e-06,4.47407e-06,7.35336e+09
sweep,double,65536,8.89301e-06,8.89227e-06,8.89041e-06,8.90344e-06,7.36938e+09
sweep,double,131072,1.77704e-05,1.77696e-05,1.77678e-05,1.77808e-05,7.37587e+09
sweep,double,262144,3.55292e-05,3.55281e-05,3.55281e-05,3.55374e-05,7.37827e+09
sweep,double,524288,7.1325e-05,7.10404e-05,7.10394e-05,7.388e-05,7.35069e+09
sweep,double,1048576,0.000143195,0.000142124,0.000142118,0.000148423,7.3227e+09
sweep,double,2097152,0.00028541,0.000284208,0.00028418,0.000288107,7.34785e+09
sweep,double,4194304,0.000570726,0.000571721,0.000568289,0.000574786,7.34907e+09
sweep,double,8388608,0.00114082,0.00114018,0.00113983,0.00114343,7.35315e+09
sweep,double,16777216,0.00228688,0.0022858,0.00228275,0.00229592,7.3363e+09
sweep,double,33554432,0.00492516,0.00492459,0.00491744,0.00493963,6.81286e+09
sweep,double,67108864,0.0103058,0.010304,0.010298,0.0103167,6.51173e+09
sweep,double,134217728,0.021031,0.0210316,0.0210195,0.0210457,6.38191e+09
sweep,double,268435456,0.0429081,0.0429112,0.0428676,0.0429396,6.25606e+09
