bytes,n,time,bandwidth_GBps
2048,256,0.000000,31.414618
4096,512,0.000000,146.601550
8192,1024,0.000000,439.804651
16384,2048,0.000000,799.644820
32768,4096,0.000000,1599.289640
65536,8192,0.000000,3198.579281
131072,16384,0.000000,6397.158562
262144,32768,0.000000,14073.748836
524288,65536,0.000000,28147.497671
1048576,131072,0.000000,37529.996895
2097152,262144,0.000000,70368.744178
4194304,524288,0.000000,140737.488355
8388608,1048576,0.000000,300239.975158
16777216,2097152,0.000000,562949.953421
33554432,4194304,0.000000,750599.937895
67108864,8388608,0.000000,900719.925474
134217728,16777216,0.000000,3002399.751580
268435456,33554432,0.000000,4969489.243995
